INDV,O(HOM),E(HOM),N_SITES,F
Campephilus_melanoleucos_AMNH12719,4687,4483.2,5377,0.228
Campephilus_melanoleucos_FMNH433276,4753,4594.2,5518,0.17194
Campephilus_melanoleucos_FMNH456682,4723,4580.1,5501,0.15517
Campephilus_melanoleucos_LSUMNS26102,4513,4350.2,5211,0.18909
Campephilus_melanoleucos_LSUMNS2802,4668,4482.2,5381,0.20676
Campephilus_melanoleucos_LSUMNS28535,4654,4484.2,5384,0.18871
Campephilus_melanoleucos_LSUMNS33338,4733,4499.6,5396,0.26035
Campephilus_melanoleucos_MPEG11746,4443,4279.6,5123,0.19371
Campephilus_melanoleucos_MPEG16102,4080,3941.6,4704,0.18151
Campephilus_melanoleucos_MPEG16666,4651,4561.2,5478,0.09796
Campephilus_melanoleucos_MPEG7571,4711,4558.1,5473,0.16709
Campephilus_melanoleucos_USNMB22230,4720,4559.8,5475,0.17501
Campephilus_rubricollis_AMNH3870,5216,5046,6022,0.17418
Campephilus_rubricollis_FMNH456685,5286,5123.4,6119,0.16335
Campephilus_rubricollis_LSUMNS15139,5110,5068.1,6052,0.04259
Campephilus_rubricollis_LSUMNS39164,5170,5056.1,6037,0.11616
Campephilus_rubricollis_LSUMNS42486,5152,5042.9,6017,0.11204
Campephilus_rubricollis_LSUMNS48392,5276,5097.4,6087,0.18044
Campephilus_rubricollis_LSUMNS5075,4731,4603.2,5472,0.14706
Campephilus_rubricollis_LSUMNS75519,5263,5125.4,6124,0.13778
Campephilus_rubricollis_LSUMNS80981,5187,5071.1,6049,0.11852
Campephilus_rubricollis_MPEG3577,5233,5066.4,6049,0.16952
Campephilus_rubricollis_MPEG7906,5210,5097.7,6090,0.1132
Cantorchilus_leucotis_FMNH389261,5388,5153.8,6318,0.20114
Cantorchilus_leucotis_FMNH391580,7819,7617.4,9450,0.11002
Cantorchilus_leucotis_FMNH392699,8093,7558.2,9375,0.29437
Cantorchilus_leucotis_INPA2275,7589,7373.6,9134,0.12237
Cantorchilus_leucotis_LSUMNS10899,8301,7598.2,9423,0.38515
Cantorchilus_leucotis_LSUMNS34792,8564,7565.2,9375,0.55187
Cantorchilus_leucotis_LSUMNS35385,7937,7579.3,9401,0.19635
Cantorchilus_leucotis_LSUMNS46117,7922,7522.3,9328,0.22136
Cantorchilus_leucotis_LSUMNS7343,8270,7594.1,9415,0.37118
Cantorchilus_leucotis_LSUMNS9529,8353,7566.1,9383,0.43309
Cantorchilus_leucotis_USNMB06896,8191,7617.7,9450,0.31287
Celeus_flavus_KU5738,2565,2447.6,3167,0.16314
Celeus_flavus_KU675,2558,2517.7,3267,0.05376
Celeus_flavus_LSUMNS34966,2489,2476.8,3209,0.01672
Celeus_flavus_LSUMNS4385,2602,2568.4,3334,0.04384
Celeus_flavus_LSUMNS75724,2564,2521.3,3274,0.05674
Celeus_flavus_LSUMNS77905,2522,2518.4,3264,0.00488
Celeus_flavus_MPEG3876,2531,2484.2,3220,0.06361
Celeus_flavus_MPEG9460,2407,2424,3135,-0.02388
Celeus_flavus_USNMB06880,2603,2554.4,3313,0.0641
Celeus_grammicus_AMNH3861,5392,5170.2,6358,0.18677
Celeus_grammicus_FMNH389781,5223,5212.6,6409,0.00867
Celeus_grammicus_LSUMNS23798,5540,5293.6,6515,0.20176
Celeus_grammicus_LSUMNS42309,5413,5239.6,6447,0.14361
Celeus_grammicus_MPEG10819,5246,5305.5,6534,-0.04842
Celeus_grammicus_MPEG10847,5245,5287,6506,-0.03442
Celeus_grammicus_MPEG13886,5437,5251.8,6461,0.15313
Celeus_grammicus_MPEG14455,5512,5305.4,6531,0.16855
Celeus_grammicus_MPEG2850,5324,5138.9,6326,0.15596
Celeus_undatus_USNMB05167,5622,5346.7,6584,0.22251
Celeus_undatus_USNMB11945,5251,5252.3,6462,-0.00109
Crypturellus_undulatus_AMNH2312,5296,5080.9,6445,0.15766
Crypturellus_undulatus_FMNH395852,5496,5042,6390,0.33681
Crypturellus_undulatus_MPEG14258,5067,4781.1,6046,0.22602
Crypturellus_undulatus_MPEG15255,5395,4919.4,6225,0.36429
Crypturellus_undulatus_MPEG7713,5155,4937,6251,0.16587
Crypturellus_undulatus_MPEG7863,5302,4963.6,6288,0.25551
Crypturellus_undulatus_MZUSP79467,5624,4906.9,6210,0.55031
Crypturellus_undulatus_MZUSP94561,5642,4992.6,6325,0.48741
Crypturellus_undulatus_YPM136994,5373,5040.3,6392,0.24614
Crypturellus_variegatus_INPA131,5815,5515.6,6683,0.25647
Crypturellus_variegatus_LSUMNS20328,8946,8927.3,10959,0.00923
Crypturellus_variegatus_LSUMNS36774,9387,8666.6,10628,0.3673
Crypturellus_variegatus_LSUMNS40657,9023,8778.5,10767,0.12295
Crypturellus_variegatus_LSUMNS76609,9470,8882.6,10900,0.29116
Crypturellus_variegatus_LSUMNS9460,9066,8665.2,10625,0.20452
Crypturellus_variegatus_MPEG14165,9485,8889.8,10912,0.29434
Crypturellus_variegatus_MPEG8335,9286,8885.8,10905,0.19819
Crypturellus_variegatus_USNMB07094,9847,8897.3,10920,0.46953
Crypturellus_variegatus_USNMB09220,9019,8852.2,10864,0.08289
Formicarius_analis_AMNH11914,9958,9258.9,10787,0.45749
Formicarius_analis_FMNH433399,10248,9724.1,11349,0.3224
Formicarius_analis_INPA1349,10272,9613.1,11212,0.41209
Formicarius_analis_LSUMNS16533,10066,9723.8,11347,0.21082
Formicarius_analis_LSUMNS36683,9850,9448.7,11020,0.25541
Formicarius_analis_LSUMNS4204,9663,9618.6,11214,0.02785
Formicarius_analis_LSUMNS42862,9967,9674.2,11287,0.18157
Formicarius_analis_LSUMNS81110,10005,9640.4,11245,0.22721
Formicarius_analis_MPEG12249,9774,9144.7,10645,0.41944
Formicarius_analis_MPEG12559,10163,9728.6,11352,0.26757
Formicarius_analis_MPEG2999,9701,9352.7,10899,0.22525
Formicarius_analis_MPEG6767,10405,9719.3,11342,0.42257
Formicarius_colma_AMNH11860,6229,5680.8,6882,0.45638
Formicarius_colma_AMNH12722,6055,5679.2,6881,0.31267
Formicarius_colma_INPA702,6073,5675.3,6876,0.33123
Formicarius_colma_INPA7991,6074,5675.2,6875,0.33238
Formicarius_colma_LSUMNS13068,6504,5683.5,6886,0.68232
Formicarius_colma_LSUMNS42332,5766,5423.3,6552,0.3036
Formicarius_colma_MPEG12382,5869,5474,6616,0.3459
Formicarius_colma_MPEG12536,6038,5369.5,6494,0.59448
Formicarius_colma_MPEG14939,6026,5267.4,6359,0.69494
Formicarius_colma_MPEG328,5375,4969,5981,0.4012
Formicarius_colma_MPEG6705,5745,5331.6,6438,0.37363
Formicarius_colma_MPEG9519,5516,4936.6,5959,0.56672
Glaucidium_brasilianum_AMNH2937,1648,1620.6,2013,0.06982
Glaucidium_brasilianum_FMNH392464,1709,1676.9,2088,0.07804
Glaucidium_brasilianum_FMNH456484,1795,1685.6,2100,0.26401
Glaucidium_brasilianum_LSUMNS15361,1632,1654.1,2057,-0.05477
Glaucidium_brasilianum_LSUMNS48547a,1545,1603.3,1996,-0.14855
Glaucidium_brasilianum_LSUMNS48547b,1496,1619.9,2019,-0.31053
Glaucidium_brasilianum_LSUMNS75626,1724,1677.1,2089,0.11383
Glaucidium_brasilianum_LSUMNS980,1738,1655.9,2062,0.20213
Glaucidium_brasilianum_MPEG13997,1740,1658,2061,0.20343
Glaucidium_brasilianum_MPEG14295,1730,1664.4,2071,0.16126
Glaucidium_brasilianum_MPEG16187,1703,1656.7,2061,0.11452
Glaucidium_hardyi_FMNH389707,3044,3031,3635,0.02146
Glaucidium_hardyi_KU476,3088,3035.8,3641,0.08621
Glaucidium_hardyi_LSUMNS20184,2864,2769,3305,0.17717
Glaucidium_hardyi_LSUMNS31382,3115,3018.5,3618,0.16096
Glaucidium_hardyi_LSUMNS40662,1621,1600.5,1879,0.07348
Glaucidium_hardyi_MPEG11657,3001,2926,3501,0.1305
Glaucidium_hardyi_MPEG14844,3008,2947,3529,0.10475
Glaucidium_hardyi_MPEG1762,3109,3001.5,3596,0.18088
Glaucidium_hardyi_MPEG694,3080,3035.2,3640,0.07401
Glaucidium_hardyi_USNMB12705,3095,3031.1,3635,0.10582
Hylophylax_naevia_AMNH12315,9929,8337.2,11065,0.58354
Hylophylax_naevia_FMNH457166,9809,8049.2,10655,0.67534
Hylophylax_naevia_INPA1301,9778,8266.7,10962,0.56072
Hylophylax_naevia_LSUMNS106776,10030,8336.3,11057,0.62253
Hylophylax_naevia_LSUMNS5972,9809,8239.3,10925,0.58446
Hylophylax_naevia_MPEG10842,9950,8138.9,10789,0.68341
Hylophylax_naevia_MPEG12164,10103,8287.3,11001,0.66909
Hylophylax_naevia_MPEG828,10158,8351.8,11082,0.66156
Hylophylax_naevia_USNMB22064,9793,8241.6,10934,0.57622
Hylophylax_punctulata_FMNH457204,6031,5941.1,7344,0.06409
Hylophylax_punctulata_INPA5623,6232,5944.9,7353,0.20391
Hylophylax_punctulata_LSUMNS12357,5711,5464.5,6741,0.19311
Hylophylax_punctulata_LSUMNS42951,6068,5953.7,7364,0.08105
Hylophylax_punctulata_LSUMNS4399,6008,6006.2,7436,0.00123
Hylophylax_punctulata_LSUMNS81100,6191,6072,7517,0.08234
Hylophylax_punctulata_MPEG12824,6539,6080.7,7529,0.31644
Hylophylax_punctulata_MPEG3422,6192,6061.3,7499,0.09091
Hylophylax_punctulata_USNMB06906,6577,6082.8,7531,0.34124
Megascops_choliba_AMNH4811,2447,2332.6,2729,0.28865
Megascops_choliba_FMNH392673,2810,2790.4,3296,0.03885
Megascops_choliba_LSUMNS15318,2768,2770.2,3269,-0.00444
Megascops_choliba_LSUMNS38217,2684,2729.4,3220,-0.09257
Megascops_choliba_LSUMNS42284,2776,2764.3,3264,0.02336
Megascops_choliba_LSUMNS7420,3000,2779.5,3282,0.43876
Megascops_choliba_LSUMNS9593,2807,2803.1,3310,0.00776
Megascops_choliba_MPEG13970,2785,2733.6,3225,0.10456
Megascops_choliba_MPEG16509,2733,2768.5,3269,-0.071
Megascops_choliba_MPEG16711,2781,2775.6,3278,0.01078
Megascops_choliba_MPEG17491,2767,2774.8,3277,-0.0156
Megascops_choliba_MPEG6986,2779,2769.6,3268,0.01885
Megascops_choliba_UWBM116721,2915,2699.2,3182,0.44701
Megascops_watsonii_AMNH3868,5365,5264.5,6192,0.10833
Megascops_watsonii_LSUMNS20185,5244,5193.3,6106,0.0555
Megascops_watsonii_LSUMNS42986,5284,5257.4,6181,0.02879
Megascops_watsonii_LSUMNS4521,4687,4809.9,5643,-0.14756
Megascops_watsonii_LSUMNS75828,5461,5324.2,6265,0.14543
Megascops_watsonii_LSUMNS80997,5263,5257.6,6182,0.00584
Megascops_watsonii_LSUMNS947,5541,5340.1,6282,0.21332
Megascops_watsonii_MPEG5114,5334,5342.3,6285,-0.00884
Megascops_watsonii_MPEG632,5344,5241.3,6162,0.11158
Megascops_watsonii_MPEG9198,5239,5305.9,6240,-0.07165
Megascops_watsonii_USNMB06991,5464,5318.4,6255,0.15544
Monasa_morphoeus_AMNH12750,5103,4789.5,5812,0.30663
Monasa_morphoeus_INPA3002,5071,4819.5,5849,0.24429
Monasa_morphoeus_LSUMNS2686,4902,4722.2,5730,0.17838
Monasa_morphoeus_LSUMNS28006,4844,4652.7,5638,0.19416
Monasa_morphoeus_LSUMNS35587,5047,4718.2,5718,0.32885
Monasa_morphoeus_LSUMNS42358,5040,4811.7,5838,0.22247
Monasa_morphoeus_MPEG1432,5078,4642.1,5622,0.44486
Monasa_morphoeus_MPEG2245,5241,4756.4,5770,0.47811
Monasa_morphoeus_MPEG2423,5051,4736.1,5743,0.31276
Monasa_morphoeus_MPEG4939,4967,4775.8,5795,0.18757
Monasa_nigrifrons_FMNH321039,5628,5417.1,6655,0.17037
Monasa_nigrifrons_FMNH456622,5430,5326.6,6537,0.0854
Monasa_nigrifrons_INPA5607,5478,5336.6,6545,0.11702
Monasa_nigrifrons_LSUMNS42834,5538,5390.7,6618,0.12002
Monasa_nigrifrons_LSUMNS5042,5409,5326,6532,0.06879
Monasa_nigrifrons_MPEG10345,5782,5500.8,6764,0.2226
Monasa_nigrifrons_MPEG11481,5652,5429.7,6668,0.17952
Monasa_nigrifrons_MPEG15519,5824,5357.6,6573,0.38373
Monasa_nigrifrons_MPEG16028,5387,5376.8,6598,0.00833
Monasa_nigrifrons_MPEG17327,5342,5147.9,6309,0.16719
Monasa_nigrifrons_MPEG2312,5559,5333.9,6542,0.18634
Monasa_nigrifrons_USNMB07074,5718,5438.7,6680,0.22501
Myrmeciza_fortis_FMNH457129,5499,4824.2,6110,0.52479
Myrmeciza_fortis_INPA431,5215,4688.2,5928,0.4249
Myrmeciza_fortis_LSUMNS11047,5273,4873.4,6174,0.30726
Myrmeciza_fortis_LSUMNS27685,5651,4842.8,6134,0.62594
Myrmeciza_fortis_LSUMNS4299,5467,4892,6198,0.44028
Myrmeciza_fortis_LSUMNS43063,5570,4906.1,6222,0.50452
Myrmeciza_fortis_LSUMNS78791,5446,4890.1,6196,0.4257
Myrmeciza_fortis_LSUMNS9094,5349,4903,6214,0.34021
Myrmeciza_fortis_MPEG3804,5270,4771.2,6039,0.39346
Myrmeciza_fortis_MPEG3868,5367,4884,6188,0.3704
Myrmeciza_fortis_MPEG5024,5277,4845.7,6138,0.33376
Myrmeciza_hyperythra_FMNH433423,3341,3241.1,3984,0.13447
Myrmeciza_hyperythra_INPA31,3524,3433.8,4232,0.11299
Myrmeciza_hyperythra_KU439,3553,3421.1,4217,0.16569
Myrmeciza_hyperythra_LSUMNS27370,3454,3443.4,4248,0.0132
Myrmeciza_hyperythra_LSUMNS35684,3566,3490.8,4306,0.09219
Myrmeciza_hyperythra_LSUMNS42497,3461,3430,4227,0.03892
Myrmeciza_hyperythra_LSUMNS7342,3486,3420.2,4214,0.08295
Myrmeciza_hyperythra_LSUMNS75668,3547,3473.4,4284,0.09081
Myrmeciza_hyperythra_MPEG13975,3575,3472.3,4283,0.12673
Myrmeciza_hyperythra_MPEG3395,3637,3496.3,4312,0.17247
Myrmeciza_hyperythra_MPEG4370,3524,3431.5,4232,0.1155
Myrmoborus_leucophrys_INPA32,7909,7825.7,9338,0.05507
Myrmoborus_leucophrys_KU18514,7901,7763.2,9261,0.09201
Myrmoborus_leucophrys_LSUMNS1005,7906,7726.8,9218,0.1202
Myrmoborus_leucophrys_LSUMNS10883,7826,7725.5,9213,0.06756
Myrmoborus_leucophrys_LSUMNS46168,7882,7761,9260,0.08069
Myrmoborus_leucophrys_MPEG11444,8205,7671.9,9153,0.35994
Myrmoborus_leucophrys_MPEG16066,7888,7777.9,9280,0.07328
Myrmoborus_leucophrys_MPEG16732,8249,7736.5,9228,0.34361
Myrmoborus_leucophrys_MPEG1868,8366,7793.9,9297,0.38061
Myrmoborus_leucophrys_MPEG6752,8515,7773.4,9271,0.4952
Myrmoborus_leucophrys_USNMB12301,8396,7681.3,9159,0.48367
Myrmoborus_myotherinus_AMNH8777,8866,8137.7,9936,0.40499
Myrmoborus_myotherinus_AMNH8837,8934,8162.4,9974,0.42592
Myrmoborus_myotherinus_LSUMNS1039,8691,7865.6,9596,0.477
Myrmoborus_myotherinus_LSUMNS42235,8782,8113.8,9910,0.37199
Myrmoborus_myotherinus_LSUMNS4345,8571,8082.9,9869,0.27327
Myrmoborus_myotherinus_MPEG10893,8944,8130.7,9932,0.4515
Myrmoborus_myotherinus_MPEG3884,8657,7959,9708,0.39908
Myrmoborus_myotherinus_MPEG390,8953,8073.7,9858,0.49281
Myrmoborus_myotherinus_MPEG4187,9090,8167.8,9978,0.50945
Myrmoborus_myotherinus_MPEG9173,8840,8196.5,10015,0.35386
Myrmoborus_myotherinus_MPEG9511,9053,8065.8,9855,0.55174
Phaethornis_bourcieri_AMNH11853,8205,6941.9,8890,0.64838
Phaethornis_bourcieri_AMNH14368,8164,6865.2,8789,0.67511
Phaethornis_bourcieri_LSUMNS27643,8045,6913.7,8856,0.58246
Phaethornis_bourcieri_LSUMNS4314,7955,6780.3,8678,0.619
Phaethornis_bourcieri_LSUMNS75469,8217,6978.1,8944,0.63019
Phaethornis_bourcieri_MPEG10930,7780,6810.9,8716,0.50869
Phaethornis_bourcieri_MPEG1805,8005,6961.1,8913,0.53482
Phaethornis_philippii_LSUMNS9442,7760,6925.7,8868,0.42955
Phaethornis_philippii_MPEG3369,7858,6928.3,8874,0.47782
Phaethornis_philippii_MPEG386,7756,6956.1,8908,0.40979
Phaethornis_hispidus_FMNH433168,5738,5734.8,6951,0.00264
Phaethornis_hispidus_LSUMNS103606,5781,5760.6,6986,0.01668
Phaethornis_hispidus_LSUMNS10677,5663,5721.4,6935,-0.04811
Phaethornis_hispidus_LSUMNS42786,5629,5597.1,6781,0.02693
Phaethornis_hispidus_LSUMNS6802,5597,5530.1,6693,0.05755
Phaethornis_hispidus_MPEG10447,5780,5627.7,6818,0.12798
Phaethornis_hispidus_MPEG13651,6126,5700.7,6907,0.35256
Phaethornis_hispidus_MPEG13967,5500,5514.9,6675,-0.01288
Phaethornis_hispidus_MPEG15892,5850,5767.3,6995,0.06738
Phaethornis_hispidus_MPEG16385,5997,5736.2,6955,0.21398
Phaethornis_hispidus_MPEG3535,5726,5760.2,6983,-0.028
Pheugopedius_coraya_AMNH4240,12020,11568.6,13611,0.22103
Pheugopedius_coraya_KU16858,12547,11497.7,13528,0.51683
Pheugopedius_coraya_LSUMNS4133,12055,11696.2,13767,0.17325
Pheugopedius_coraya_LSUMNS46172,11426,11429.4,13443,-0.00169
Pheugopedius_coraya_MPEG12256,12457,11465.6,13482,0.49166
Pheugopedius_coraya_MPEG9534,11997,11105.4,13043,0.46017
Pheugopedius_genibarbis_INPA1333,12020,11408.5,13414,0.30491
Pheugopedius_genibarbis_LSUMNS58336,12162,11438.3,13454,0.35905
Pheugopedius_genibarbis_MPEG10477,12065,11364.8,13363,0.3504
Pheugopedius_genibarbis_MPEG12881,12386,11432.2,13447,0.47339
Pheugopedius_genibarbis_MPEG13470,12585,11336.7,13330,0.62626
Pheugopedius_genibarbis_MPEG9500,12764,11567.6,13612,0.58521
Piaya_cayana_FMNH392671,9921,9709.1,11392,0.1259
Piaya_cayana_KU16728,9857,9699.8,11382,0.09345
Piaya_cayana_LSUMNS31482,10004,9795,11500,0.1226
Piaya_cayana_LSUMNS35624,10042,9795.8,11500,0.14446
Piaya_cayana_LSUMNS44417,9922,9804.5,11511,0.06885
Piaya_cayana_LSUMNS72132,8428,7918.9,9209,0.39461
Piaya_cayana_LSUMNS75766,9705,9534.3,11180,0.10372
Piaya_cayana_MPEG1237,9802,9541.9,11189,0.15789
Piaya_cayana_MPEG15020,9684,9415.6,11029,0.16637
Piaya_cayana_MPEG2161,9289,9124.7,10674,0.10605
Piaya_cayana_MPEG3662,9322,9232.2,10805,0.05707
Piaya_cayana_USNMB13940,9909,9759.9,11456,0.0879
Piaya_melanogaster_INPA1392,5758,5390.6,6480,0.33723
Piaya_melanogaster_KU3921,5931,5360.8,6443,0.52687
Piaya_melanogaster_LSUMNS36684,5078,5324.7,6402,-0.22904
Piaya_melanogaster_LSUMNS42540,5702,5310.7,6381,0.36561
Piaya_melanogaster_LSUMNS76234,5758,5381.1,6468,0.34675
Piaya_melanogaster_LSUMNS78489,5624,5275.9,6338,0.32772
Piaya_melanogaster_MPEG2461,5505,5097.8,6113,0.40111
Piaya_melanogaster_MPEG3831,5592,5249.5,6304,0.32481
Piaya_melanogaster_MPEG5177,5502,5181.2,6211,0.31149
Piaya_melanogaster_MPEG9244,5524,5097.8,6114,0.41938
Piaya_melanogaster_USNMB14512,2979,5346.3,6422,-2.20063
Pipra_chloromeros_KU18533,9419,8905.5,10301,0.36797
Pipra_chloromeros_LSUMNS106768,9585,8962,10367,0.4434
Pipra_erythrocephala_AMNH14356,8550,8374.5,9657,0.13686
Pipra_erythrocephala_LSUMNS3092,9124,8962,10368,0.1152
Pipra_erythrocephala_MPEG6699,9052,8865.5,10250,0.13472
Pipra_erythrocephala_MVZ165267,9034,8828.9,10206,0.14891
Pipra_mentalis_LSUMNS16080,9652,8964.7,10373,0.48804
Pipra_rubrocapilla_FMNH427182,9282,8909.4,10303,0.26738
Pipra_rubrocapilla_FMNH457363,9147,8906.9,10299,0.17248
Pipra_rubrocapilla_MPEG14204,9184,8971.9,10379,0.15075
Pipra_rubrocapilla_MPEG14850,9112,8924.3,10321,0.13438
Pipra_rubrocapilla_MPEG7551,9000,8824.5,10198,0.12775
Pipra_rubrocapilla_MPEG854,7969,7752.6,8924,0.18473
Pipra_aureola_MPEG11971,5443,5057.7,6178,0.34394
Pipra_aureola_MPEG1199,4985,4519.3,5497,0.4763
Pipra_aureola_MPEG16053,5294,5145.2,6290,0.12999
Pipra_fasciicauda_FMNH433698,5287,5141.9,6287,0.12672
Pipra_fasciicauda_MPEG10317,5332,5057.9,6176,0.24513
Pipra_fasciicauda_MPEG17411,5330,5049.3,6165,0.2516
Pipra_filicauda_AMNH4246,5476,5103.1,6237,0.32889
Pipra_filicauda_INPA2095,5498,5119.4,6258,0.33251
Pipra_filicauda_LSUMNS42835,5333,5003.8,6113,0.29678
Pipra_filicauda_MPEG3278,5407,5079.7,6207,0.29036
Saltator_coerulescens_FMNH391613,11229,10681.5,12773,0.26178
Saltator_coerulescens_INPA2123,11609,10797.9,12923,0.38168
Saltator_coerulescens_INPA6946,11063,10640.6,12723,0.20286
Saltator_coerulescens_KU3038,11334,10597.6,12673,0.35482
Saltator_coerulescens_KU9321,11585,10602.5,12674,0.47429
Saltator_coerulescens_LSUMNS6816,10784,10378.9,12393,0.20115
Saltator_coerulescens_LSUMNS7298,11284,10752.3,12863,0.25191
Saltator_coerulescens_LSUMNS75970,11171,10749.7,12861,0.19956
Saltator_coerulescens_MPEG15265,11244,10500.9,12547,0.36317
Saltator_coerulescens_MPEG16382,11123,10741.6,12851,0.18079
Saltator_coerulescens_MPEG3969,10351,9977.2,11899,0.19452
Saltator_coerulescens_MPEG5844,11029,10588.8,12657,0.21285
Saltator_coerulescens_USNMB11140,11650,10752.3,12866,0.4247
Saltator_grossus_AMNH12692,8638,8449.3,9932,0.12725
Saltator_grossus_FMNH433813,8461,8305.8,9754,0.10717
Saltator_grossus_FMNH457551,8220,8036.1,9419,0.13297
Saltator_grossus_LSUMNS76026,8793,8674.6,10200,0.0776
Saltator_grossus_MPEG10988,8539,8455.8,9932,0.05637
Saltator_grossus_MPEG11309,8592,8466.5,9948,0.08474
Saltator_grossus_MPEG2492,8773,8654.8,10176,0.07771
Saltator_grossus_MPEG5696,8744,8687.9,10216,0.0367
Saltator_grossus_MPEG6513,8926,8738,10279,0.12202
Saltator_grossus_MPEG7434,8950,8748.4,10289,0.13088
Saltator_grossus_USNMB01287,9263,8717.2,10252,0.3556
Saltator_grossus_USNMB09368,8923,8709,10243,0.13953
Schiffornis_major_FMNH457274,7828,7415.5,9003,0.25983
Schiffornis_major_KU1426,7766,7403.8,8990,0.22832
Schiffornis_major_LSUMNS103592,7503,7142.2,8656,0.23834
Schiffornis_major_LSUMNS42991,7758,7418.7,9006,0.21377
Schiffornis_major_LSUMNS4462,7162,6838.9,8274,0.22512
Schiffornis_major_LSUMNS7503,7898,7461,9061,0.27314
Schiffornis_major_MPEG15841,4102,7380.2,8951,-2.08695
Schiffornis_major_MPEG15853,7622,7268.4,8816,0.22848
Schiffornis_major_MPEG16040,7371,7042.7,8529,0.22088
Schiffornis_major_MPEG6239,7823,7445.2,9039,0.23702
Schiffornis_turdina_AMNH4312,10238,9869.1,11455,0.2326
Schiffornis_turdina_INPA725,10284,9903.2,11496,0.23907
Schiffornis_turdina_KU18445,10358,9636,11173,0.46975
Schiffornis_turdina_LSUMNS27903,10411,9622.3,11163,0.51192
Schiffornis_turdina_LSUMNS9883,10654,9735.4,11298,0.58787
Schiffornis_turdina_MPEG10904,9608,9371.4,10863,0.15863
Schiffornis_turdina_MPEG11026,8302,7961.9,9184,0.27829
Schiffornis_turdina_MPEG12581,10043,9724.2,11281,0.2048
Schiffornis_turdina_MPEG13422,10831,9802,11374,0.65458
Schiffornis_turdina_MPEG2157,10040,9660.6,11201,0.24628
Schiffornis_turdina_MPEG2281,10264,9634.8,11176,0.40825
Schiffornis_turdina_MPEG3417,10050,9729.1,11288,0.20583
Schiffornis_turdina_MPEG6768,9839,9440.2,10939,0.26606
Synallaxis_gujanensis_AMNH11985,6816,6158.9,7628,0.44726
Synallaxis_gujanensis_AMNH6193,6997,6511.5,8086,0.30836
Synallaxis_gujanensis_FMNH321495,6695,6426.8,7977,0.173
Synallaxis_gujanensis_INPA2220,7002,6430.8,7981,0.36845
Synallaxis_gujanensis_INPA939,7155,6478.8,8043,0.43232
Synallaxis_gujanensis_LSUMNS46034,6758,6376.5,7912,0.24847
Synallaxis_gujanensis_LSUMNS7276,6985,6388.2,7924,0.38858
Synallaxis_gujanensis_MPEG1885,6700,6134.1,7595,0.38736
Synallaxis_gujanensis_MPEG2288,7085,6365.2,7893,0.47112
Synallaxis_gujanensis_MPEG7070,7151,6462.7,8019,0.44226
Synallaxis_gujanensis_USNMB06925,7216,6481.4,8048,0.4689
Synallaxis_rutilans_AMNH11928,5429,5220.8,6195,0.21367
Synallaxis_rutilans_FMNH391101,5571,5227.2,6203,0.3523
Synallaxis_rutilans_INPA1617,5307,5070.5,6013,0.25095
Synallaxis_rutilans_LSUMNS31362,5429,5001.3,5925,0.46303
Synallaxis_rutilans_LSUMNS42924,5345,5179.7,6143,0.17163
Synallaxis_rutilans_MPEG12491,5078,4799.4,5679,0.31676
Synallaxis_rutilans_MPEG1345,5281,5018.5,5949,0.28211
Synallaxis_rutilans_MPEG16900,5406,5198.7,6168,0.21389
Synallaxis_rutilans_MPEG440,5472,5207.3,6178,0.27272
Synallaxis_rutilans_MPEG5105,5060,4858.8,5746,0.2268
Synallaxis_rutilans_USNMB06831,5413,5158.5,6115,0.26605
Tachyphonus_cristatus_AMNH2985,7831,7718.4,9482,0.06384
Tachyphonus_cristatus_FMNH390058,7901,7754.3,9533,0.08246
Tachyphonus_cristatus_INPA1490,8001,7854.4,9662,0.0811
Tachyphonus_cristatus_INPA1636,7975,7819.7,9615,0.08653
Tachyphonus_cristatus_LSUMNS2693,7845,7803.8,9590,0.02305
Tachyphonus_cristatus_LSUMNS35475,7903,7783.5,9570,0.06689
Tachyphonus_cristatus_LSUMNS9548,7817,7790,9575,0.01511
Tachyphonus_cristatus_MPEG12736,8481,7816.2,9607,0.37123
Tachyphonus_cristatus_MPEG2482,7974,7851.2,9655,0.0681
Tachyphonus_luctuosus_LSUMNS18277,8888,8737.6,10505,0.08508
Tachyphonus_luctuosus_LSUMNS27928,8051,7990.1,9562,0.03872
Tachyphonus_luctuosus_LSUMNS28793,8737,8685.1,10438,0.02963
Tachyphonus_luctuosus_MPEG10610,8848,8704.7,10463,0.08151
Tachyphonus_luctuosus_MPEG2517,8914,8687.9,10441,0.12896
Tachyphonus_luctuosus_MPEG4059,7894,7885.8,9424,0.0053
Tachyphonus_luctuosus_MPEG4450,8823,8715.5,10477,0.06101
Tachyphonus_luctuosus_MSUZP95518,6537,6322.9,7497,0.18237
Tachyphonus_luctuosus_MVZ169546,8776,8701.3,10462,0.04242
Tachyphonus_luctuosus_MZUSP87733,8524,8312.7,9968,0.12768
Tachyphonus_luctuosus_USNMB09569,8818,8657.2,10405,0.09202
Tachyphonus_luctuosus_USNMB10690,8811,8667.2,10415,0.08227
Trogon_collaris_FMNH456552,9204,8750.3,10385,0.27754
Trogon_collaris_INPA6982,9607,8936.7,10621,0.39797
Trogon_collaris_LSUMNS10657,9272,8887.9,10562,0.22946
Trogon_collaris_LSUMNS18342,9274,8788.3,10439,0.29422
Trogon_collaris_LSUMNS22827,9129,8690,10320,0.26934
Trogon_collaris_LSUMNS27866,9230,8836.9,10498,0.23666
Trogon_collaris_LSUMNS72110,9287,8844.7,10508,0.26593
Trogon_collaris_MPEG17320,9069,8471.9,10052,0.37788
Trogon_collaris_MPEG3657,9262,8770.6,10417,0.29848
Trogon_collaris_MPEG8909,9185,8564.2,10167,0.38731
Trogon_collaris_USNMB22128,9442,8858.6,10523,0.35053
Trogon_rufus_FMNH389730,11322,10945.6,12547,0.23505
Trogon_rufus_FMNH456559,11645,11120,12757,0.32071
Trogon_rufus_INPA1170,11452,11112.2,12747,0.20788
Trogon_rufus_INPA1668,11299,10907.4,12505,0.24513
Trogon_rufus_INPA5284,11114,10671.1,12217,0.2865
Trogon_rufus_KU239,11785,10908.4,12502,0.55007
Trogon_rufus_LSUMNS26564,10965,10515.2,12042,0.29459
Trogon_rufus_LSUMNS27570,11518,11074.9,12702,0.27232
Trogon_rufus_LSUMNS4256,11302,10927.9,12524,0.23441
Trogon_rufus_MPEG16761,11409,10967.6,12571,0.27528
Trogon_rufus_MPEG16986,11332,10940.4,12542,0.24448
Trogon_rufus_MPEG1878,10419,9847.6,11250,0.40746
Trogon_rufus_MPEG6808,11474,10839.4,12419,0.40176
Xiphorhynchus_elegans_INPA8144,6425,5905.3,7406,0.3463
Xiphorhynchus_elegans_LSUMNS18545,6598,5861.1,7347,0.49594
Xiphorhynchus_elegans_LSUMNS35681,6388,5907.9,7408,0.32003
Xiphorhynchus_elegans_LSUMNS36629,6532,5904.9,7405,0.41804
Xiphorhynchus_elegans_LSUMNS42949,6044,5624.3,7043,0.29583
Xiphorhynchus_elegans_MPEG7671,5686,5233,6523,0.35116
Xiphorhynchus_spixii_FMNH456868,6614,5899,7397,0.47729
Xiphorhynchus_spixii_MPEG10312,6580,5898.5,7394,0.45571
Xiphorhynchus_spixii_MPEG12556,6374,5763.1,7217,0.42019
Xiphorhynchus_spixii_MPEG3585,6216,5441.4,6802,0.56931
Xiphorhynchus_obsoletus_AMNH12343,4224,4163.5,5052,0.06813
Xiphorhynchus_obsoletus_FMNH391089,4184,4121.8,4994,0.07128
Xiphorhynchus_obsoletus_FMNH456853,4256,4246.2,5155,0.01075
Xiphorhynchus_obsoletus_LSUMNS12752,4343,4312.8,5240,0.03259
Xiphorhynchus_obsoletus_LSUMNS35642,4352,4312.6,5240,0.04244
Xiphorhynchus_obsoletus_LSUMNS35670,4333,4208,5108,0.13891
Xiphorhynchus_obsoletus_LSUMNS35734,4268,4291.8,5212,-0.02584
Xiphorhynchus_obsoletus_LSUMNS42526,4245,4248.1,5157,-0.00343
Xiphorhynchus_obsoletus_MPEG11024,4275,4164.2,5053,0.12467
Xiphorhynchus_obsoletus_MPEG17364,4274,4202.2,5101,0.07992
Xiphorhynchus_obsoletus_MPEG2456,4345,4308.9,5236,0.03895
conirostrum_bicolor_10_LSU43023,3137,2948.5,4130,0.15951
conirostrum_bicolor_11_LSU93328,3003,2932.9,4109,0.05962
conirostrum_bicolor_12_INPA1341,2447,2538.2,3522,-0.09274
conirostrum_bicolor_66_UFPE_T1161,3152,3018,4234,0.11018
conirostrum_bicolor_7_Goeldi22702,2516,2571.1,3571,-0.05505
conirostrum_bicolor_9_LSU7282,2990,2970.1,4161,0.01668
conirostrum_bicolor_MPEG_T611,3298,3018,4234,0.23025
conirostrum_bicolor_10_LSU43023,6635,6203.7,7628,0.30282
conirostrum_bicolor_11_LSU93328,6450,6146,7556,0.21558
conirostrum_bicolor_12_INPA1341,5380,5277.9,6455,0.08673
conirostrum_bicolor_66_UFPE_T1161,6743,6359.5,7825,0.2617
conirostrum_bicolor_6_Goeldi1324,5168,5136.1,6284,0.02776
conirostrum_bicolor_7_Goeldi22702,5499,5352.6,6554,0.12183
conirostrum_bicolor_9_LSU7282,6498,6235.9,7669,0.18287
conirostrum_bicolor_KU5684,6528,6359.5,7825,0.11499
conirostrum_bicolor_KU5690,6542,6357.9,7823,0.12565
conirostrum_bicolor_MAM011,6655,6359.5,7825,0.20165
conirostrum_bicolor_MAM026,6708,6359.5,7825,0.23781
conirostrum_bicolor_MAM16,6640,6358.8,7824,0.19191
conirostrum_bicolor_MAM23,6572,6354.4,7818,0.14866
conirostrum_bicolor_MAM24,6660,6359.5,7825,0.20506
conirostrum_bicolor_MPEG_T611,6889,6359.5,7825,0.36132
conirostrum_margaritae_13_LSU25428,862,832.1,1399,0.05277
conirostrum_margaritae_14_LSU7293,786,824.8,1386,-0.06917
conirostrum_margaritae_15_LSU93298,882,821.1,1379,0.10918
conirostrum_margaritae_16_Goeldi15984,762,734.4,1223,0.05658
cranioleuca_vulpecula_19_LSU25424,1143,1139.4,1610,0.00763
cranioleuca_vulpecula_20_LSU3637,1027,1076.3,1520,-0.111
cranioleuca_vulpecula_21_LSU74799,1161,1141,1612,0.04243
cranioleuca_vulpecula_22_LSU79790,1232,1125.7,1590,0.22903
cranioleuca_vulpecula_23_LSU3181,1123,1115,1574,0.01749
cranioleuca_vulpecula_24_LSU93331,1189,1137.4,1607,0.10984
cranioleuca_vulpecula_25_INPA_A123,1117,1037.5,1461,0.18775
dendroplex_kienerii_26_LSU80430,2043,1999,2849,0.05174
dendroplex_kienerii_27_LSU29023,1992,1881.9,2677,0.13849
dendroplex_kienerii_28_LSU35627,2058,1996.3,2845,0.07269
dendroplex_kienerii_29_LSU35692,2092,1998.8,2848,0.1098
dendroplex_kienerii_30_LSU20237,2018,1992.3,2840,0.03027
dendroplex_kienerii_31_LSU25413,1354,1306.7,1827,0.09084
dendroplex_kienerii_32_LSU93459,2199,1999,2849,0.23527
elaenia_pelzelni_35_LSU7249,874,872.5,1908,0.00145
elaenia_pelzelni_36_Goeldi22693,859,872.5,1908,-0.01304
furnarius_minor_160_INPA1339,1201,1227.9,1710,-0.0557
furnarius_minor_38_LSU3641,1330,1270.2,1771,0.11948
furnarius_minor_39_LSU45888,1227,1270.9,1772,-0.08751
furnarius_minor_40_LSU74803,1343,1266.2,1765,0.15396
furnarius_minor_42_LSU7265,1304,1211.3,1686,0.19534
furnarius_minor_43_LSU42939,1195,1211.7,1686,-0.03515
furnarius_minor_44_Goeldi16304,1146,1244.1,1731,-0.20159
knipolegus_orenocensis_46_COP882,5118,4452.9,5752,0.51199
knipolegus_orenocensis_47_COP629,4880,4265.4,5508,0.49462
knipolegus_orenocensis_48_MPEG_T15658,4518,4280.2,5517,0.1923
knipolegus_orenocensis_49_USNM303,4482,4177.6,5380,0.25319
knipolegus_orenocensis_50_LSU43080,4531,4229.9,5450,0.24679
knipolegus_orenocensis_51_MPEG_T16338,4648,4298.3,5539,0.28183
knipolegus_orenocensis_52_INPA_A11140,4167,3908.9,5015,0.23332
knipolegus_orenocensis_53_INPA_A18068,4581,4278.2,5515,0.2448
knipolegus_orenocensis_54_LSU75980,4761,4415.1,5700,0.26923
knipolegus_orenocensis_55_LSU3178,4666,4357,5624,0.24386
knipolegus_orenocensis_56_LSU3647,4681,4397.2,5675,0.22211
knipolegus_orenocensis_57_LSU93474,4416,4099.2,5279,0.2685
leucippus_chlorocercus_58_LSU7264,1382,1426,2249,-0.05342
leucippus_chlorocercus_62_LSU74801,1454,1411.7,2222,0.05221
leucippus_chlorocercus_63_LSU43036,1432,1425.2,2248,0.00831
leucippus_chlorocercus_64_LSU93457,1426,1371.6,2154,0.06949
mazaria_propinqua_132_LSU7289,2295,2178.2,2870,0.16887
mazaria_propinqua_133_LSU75947,1279,2161.4,2840,-1.30039
mazaria_propinqua_134_LSU79789,2322,2185.7,2883,0.19547
mazaria_propinqua_135_LSU43083,598,643.7,821,-0.25797
mazaria_propinqua_136_LSU93326,2257,2164,2854,0.13476
mazaria_propinqua_137_MPEG_T16312,2209,2065.8,2715,0.2206
mazaria_propinqua_138_UFPE_T1027,2395,2234.8,2948,0.22458
mazaria_propinqua_UFPE_5254,2465,2234.8,2948,0.32273
myrmoborus_lugubris_169_MPEG73846,2335,2255.7,3014,0.10462
myrmoborus_lugubris_242_MPEG_T22612,2626,2271,3040,0.46163
myrmoborus_lugubris_70_INPA_A2193,2516,2347.1,3144,0.2119
myrmoborus_lugubris_71_MPEG_T22926,2397,2192.2,2927,0.27873
myrmoborus_lugubris_72_MPEG_T22751,2110,2019.6,2675,0.13794
myrmoborus_lugubris_73_LSU80385,2486,2364.4,3169,0.15116
myrmoborus_lugubris_74_LSU25513,2537,2360,3162,0.22069
myrmoborus_lugubris_76_LSU93417,2655,2309.2,3089,0.44342
myrmochanes_hemileucus_77_LSU74774,1096,1003,1401,0.2336
myrmochanes_hemileucus_78_LSU43093,746,957.1,1329,-0.56754
myrmochanes_hemileucus_79_LSU3649,1051,1005.4,1403,0.11473
myrmochanes_hemileucus_80_MPEG_T16307,1048,1021.4,1427,0.06548
myrmochanes_hemileucus_81_MPEG_T22712,1046,1009.2,1409,0.09215
myrmochanes_hemileucus_83_INPA_A1340,1025,991.4,1385,0.08527
myrmochanes_hemileucus_84_INPA_A11135,1052,978.6,1364,0.19046
myrmotherula_assimilis_243_MPEG_T22595,2348,2266.1,3035,0.10653
myrmotherula_assimilis_85_LSU23703,2488,2445.6,3286,0.05043
myrmotherula_assimilis_87_LSU93460,2613,2460.6,3309,0.17966
myrmotherula_assimilis_88_MPEG_T14289,2538,2458.5,3304,0.09398
myrmotherula_assimilis_89_MPEG_T23587,2644,2510.4,3377,0.15418
myrmotherula_assimilis_93_INPA_A8418,2618,2506.6,3372,0.12877
myrmotherula_assimilis_94_MPEG_T73294,2502,2474.2,3324,0.03269
myrmotherula_klagesi_100_INPA_A15925,2648,2526.8,3490,0.12586
myrmotherula_klagesi_101_INPA_A048,2859,2630.7,3637,0.22689
myrmotherula_klagesi_95_LSU20250,2623,2559.5,3536,0.06505
myrmotherula_klagesi_96_LSU25562,2604,2607.9,3607,-0.00388
myrmotherula_klagesi_97_LSU81357,2509,2538.4,3509,-0.03031
myrmotherula_klagesi_98_LSU25511,2639,2593.6,3587,0.04571
myrmotherula_klagesi_99_INPA_A8276,2785,2590.2,3583,0.1962
ochthornis_littoralis_102_LSU81242,2572,2504.6,3187,0.09873
ochthornis_littoralis_103_LSU968,2487,2493.4,3172,-0.00942
ochthornis_littoralis_105_LSU35432,2511,2493,3173,0.02652
ochthornis_littoralis_107_LSU93193,2522,2508.2,3192,0.02012
ochthornis_littoralis_110_INPA_A4762,2498,2497.5,3177,0.00074
ochthornis_littoralis_111_INPA_A8301,2578,2509.7,3194,0.09975
ochthornis_littoralis_112_MPEG_T19792,2580,2510.6,3195,0.10146
ochthornis_littoralis_113_MPEG_T963,2554,2503.6,3186,0.07385
ochthornis_littoralis_114_MPEG_T22557,2512,2500.4,3182,0.01708
ochthornis_littoralis_115_MPEG_T1998,1280,1256.4,1566,0.07633
ochthornis_littoralis_116_MPEG_T23235,2471,2510.6,3195,-0.05779
ochthornis_littoralis_170_LSU40723,733,736.5,891,-0.02286
serpophaga_hypoleuca_118_LSU43033,1732,1698.3,2207,0.06623
serpophaga_hypoleuca_119_LSU74789,1467,1493.5,1932,-0.06042
serpophaga_hypoleuca_120_LSU93475,1346,1364.3,1755,-0.04678
serpophaga_hypoleuca_121_LSU79793,1456,1458.4,1884,-0.0056
serpophaga_hypoleuca_122_UFPE_T1166,1771,1699.1,2208,0.14132
serpophaga_hypoleuca_123_INPA_A15959,1613,1639.3,2127,-0.05388
serpophaga_hypoleuca_125_COP632,1566,1499.4,1937,0.15218
serpophaga_hypoleuca_167_INPA_A1342,1655,1633.6,2121,0.04393
serpophaga_hypoleuca_T122,1816,1699.1,2208,0.22974
serpophaga_hypoleuca_duplicateLoc_171_LSU43050,1703,1694.3,2201,0.01718
stigmatura_napensis_126_LSU3175,1352,1324,1789,0.06025
stigmatura_napensis_127_LSU43079,1202,1185.9,1602,0.03871
stigmatura_napensis_128_MPEG_T16303,1602,1568.9,2117,0.06045
stigmatura_napensis_130_INPA_A15960,1432,1457.3,1960,-0.05031
stigmatura_napensis_131_UFPE_T1017,1310,1602.8,2167,-0.51883
stigmatura_napensis_159_LSU89217,1354,1328,1793,0.05595
stigmatura_napensis_T350,1647,1601.3,2165,0.08114
stigmatura_napensis_T764,1633,1601.2,2165,0.05635
stigmatura_napensis_T766,1667,1602.8,2167,0.11387
stigmatura_napensis_UFPE_5249,1656,1602.8,2167,0.09437
stigmatura_napensis_duplicateLoc_172_LSU7240,1536,1566.5,2115,-0.05553
thamnophilus_cryptoleucus_139_LSU25431,6088,5709.2,6761,0.36015
thamnophilus_cryptoleucus_141_LSU74103,6306,5708.2,6759,0.56892
thamnophilus_cryptoleucus_142_LSU7285,6170,5658.5,6698,0.49206
thamnophilus_cryptoleucus_144_LSU93318,6249,5707.8,6757,0.51582
thamnophilus_cryptoleucus_145_MPEG_T22677,5921,5748.8,6801,0.16366
thamnophilus_cryptoleucus_146_MPEG_T23595,6015,5747.4,6799,0.25449
thamnophilus_cryptoleucus_147_MPEG_T22714,4315,4042.8,4730,0.39607
thamnophilus_cryptoleucus_244_MPEG_T22585,6213,5767.1,6825,0.42151
thamnophilus_nigrocinereus_151_INPA_A10843,5284,4836.7,5690,0.5242
thamnophilus_nigrocinereus_154_INPA_A2165,6171,5729.7,6781,0.41978
thamnophilus_nigrocinereus_155_INPA_A3093,6099,5766.3,6824,0.31454
thamnophilus_nigrocinereus_158_INPA_A295,5960,5618,6640,0.33463
thamnophilus_nigrocinereus_165_MPEG_T77261,6094,5788.1,6852,0.28754
thamnophilus_nigrocinereus_173_ICN39301,5921,5486.7,6485,0.43506
thamnophilus_nigrocinereus_174_LSU20234,6061,5789.9,6853,0.25501
thamnophilus_nigrocinereus_175_MZUSP92841,6314,5724,6771,0.56352
thamnophilus_nigrocinereus_176_MZUSP93302,6026,5774.9,6835,0.23683
thamnophilus_nigrocinereus_177_MZUSP_OI001,5284,4935.1,5811,0.39833